Câbles — la base des câbles du lecteur (l'onglet Câbles de son Excel, octobre 2026) : pour chaque type de câble du retest (DR24, MLB22, KD24, WC…), sa famille, sa jauge, ses brins, s'il est blindé, sa nature (torsadé, blindé, twinax, coaxial, quadrax, fibre optique), sa masse en g/m, le nombre de liaisons qu'il porte (les brins, plus le blindage), sa résistance en mΩ/m (la même valeur en Ω/km), son diamètre extérieur en mm et sa section en mm².
L'outil s'en sert pour la fiche d'un fil, pour la chute en ligne (la résistance de ce câble-là, avant celle de la jauge seule) et pour le faisceau de chaque connecteur (la section cumulée, le diamètre équivalent, la masse) — c'est de là que viendront les raccords. Un type sans ligne est signalé par la pastille de contrôle. 225 lignes dans l'Excel ; HJ y est en double (gardé une fois), LE aussi — « fibre optique » puis « coaxial », mêmes chiffres — gardé en fibre optique, à confirmer.

Câble;Famille;Jauge;Brins;Blindage;Nature;Masse;Liaisons;Résistance;Diamètre;Section
AD24;AD;24;1;0;;1,75;1;;0,96;0,72
AD22;AD;22;1;0;;2,50;1;;1,10;0,95
AD20;AD;20;1;0;;3,65;1;;1,34;1,41
AD18;AD;18;1;0;;5,45;1;;1,61;2,04
AD16;AD;16;1;0;;7,75;1;;1,92;2,90
AD14;AD;14;1;0;;10,94;1;;2,24;3,94
AD12;AD;12;1;0;;15,50;1;;2,70;5,73
AD10;AD;10;1;0;;24,02;1;;3,33;8,71
AD8;AD;8;1;0;;39,00;1;;4,40;15,21
AD6;AD;6;1;0;;63,70;1;;5,70;25,52
AD4;AD;4;1;0;;96,30;1;;;
ADB24;ADB;24;2;0;;3,61;2;;1,92;2,90
ADB22;ADB;22;2;0;;5,15;2;;2,18;3,73
ADB20;ADB;20;2;0;;7,52;2;;2,68;5,64
ADB18;ADB;18;2;0;;11,23;2;;3,22;8,14
ADB16;ADB;16;2;0;;15,97;2;;3,84;11,58
ADB14;ADB;14;2;0;;22,54;2;;4,48;15,76
ADB12;ADB;12;2;0;;31,93;2;;5,40;22,90
ADB10;ADB;10;2;0;;49,48;2;;6,66;34,84
ADB8;ADB;8;2;0;;80,34;2;;8,80;60,82
ADB6;ADB;6;2;0;;131,22;2;;11,40;102,07
ADB4;ADB;4;2;0;;198,38;2;;;
ADC24;ADC;24;3;0;;5,41;3;;2,06;3,35
ADC22;ADC;22;3;0;;7,73;3;;2,37;4,39
ADC20;ADC;20;3;0;;11,28;3;;2,88;6,52
ADC18;ADC;18;3;0;;16,84;3;;3,46;9,41
ADC16;ADC;16;3;0;;23,95;3;;4,13;13,38
ADC14;ADC;14;3;0;;33,80;3;;4,82;18,22
ADC12;ADC;12;3;0;;47,90;3;;5,81;26,47
ADC10;ADC;10;3;0;;74,22;3;;7,16;40,26
ADC8;ADC;8;3;0;;120,51;3;;9,46;70,29
ADC6;ADC;6;3;0;;196,83;3;;12,26;117,96
ADC4;ADC;4;3;0;;297,57;3;;;
ADD24;ADD;24;4;0;;7,21;4;;2,30;4,17
ADD22;ADD;22;4;0;;10,30;4;;2,64;5,47
ADD20;ADD;20;4;0;;15,04;4;;3,22;8,12
ADD18;ADD;18;4;0;;22,45;4;;3,86;11,73
ADD16;ADD;16;4;0;;31,93;4;;4,61;16,68
ADD14;ADD;14;4;0;;45,07;4;;5,38;22,70
ADD12;ADD;12;4;0;;63,86;4;;6,48;32,98
ADD10;ADD;10;4;0;;98,96;4;;7,99;50,17
ADD8;ADD;8;4;0;;160,68;4;;10,56;87,58
ADD6;ADD;6;4;0;;262,44;4;;13,68;146,98
ADD4;ADD;4;4;0;;396,76;4;;;
ADE24;ADE;24;5;0;;9,01;5;;;
ADE22;ADE;22;5;0;;12,88;5;;;
ADE20;ADE;20;5;0;;18,80;5;;;
ADE18;ADE;18;5;0;;28,07;5;;;
ADE16;ADE;16;5;0;;39,91;5;;;
ADE14;ADE;14;5;0;;56,34;5;;;
ADE12;ADE;12;5;0;;79,83;5;;;
ADE10;ADE;10;5;0;;123,70;5;;;
ADE8;ADE;8;5;0;;200,85;5;;;
ADE6;ADE;6;5;0;;328,06;5;;;
ADE4;ADE;4;5;0;;495,95;5;;;
AM6;AM;6;1;0;;55,00;1;2,20;6,00;28,27
AM4;AM;4;1;0;;77,00;1;1,50;7,40;43,01
AM2;AM;2;1;0;;119,00;1;0,94;9,00;63,62
AM1;AM;1;1;0;;149,00;1;0,75;10,10;80,12
AM0;AM;0;1;0;;189,00;1;0,60;11,40;102,07
AM00;AM;00;1;0;;240,00;1;0,43;12,90;130,70
BN26;BN;26;1;0;;;1;;;
BN24;BN;24;1;0;;2,67;1;;;
BN22;BN;22;1;0;;3,90;1;;;
BN20;BN;20;1;0;;6,52;1;;;
BN18;BN;18;1;0;;9,78;1;;;
DG6;DG;6;1;0;;160,00;1;;7,30;41,85
DG4;DG;4;1;0;;245,00;1;0,97;9,30;67,93
DG2;DG;2;1;0;;396,00;1;0,61;10,90;93,31
DG0;DG;0;1;0;;600,00;1;0,40;13,40;141,03
DG00;DG;00;1;0;;750,00;1;;;
DH2;DH;2;1;0;;413,00;1;0,61;10,60;88,25
DH0;DH;0;1;0;;627,00;1;0,40;13,40;141,03
DH00;DH;00;1;0;;788,00;1;0,32;14,70;169,72
DR26;DR;26;1;0;;2,08;1;160,00;0,84;0,55
DR24;DR;24;1;0;;2,72;1;114,00;0,96;0,72
DR22;DR;22;1;0;;4,14;1;60,00;1,10;0,95
DR20;DR;20;1;0;;6,85;1;33,20;1,34;1,41
DR18;DR;18;1;0;;10,43;1;21,10;1,61;2,04
DR16;DR;16;1;0;;14,61;1;14,50;1,92;2,90
DR14;DR;14;1;0;;19,78;1;10,90;2,24;3,94
DR12;DR;12;1;0;;31,33;1;6,80;2,70;5,73
DR10;DR;10;1;0;;49,85;1;4,10;3,33;8,71
DR8;DR;8;1;0;;90,00;1;2,30;4,40;15,21
DR6;DR;6;1;0;;135,00;1;1,58;5,70;25,52
DRB26;DRB;26;2;0;torsadé;4,28;2;164,80;1,68;2,22
DRB24;DRB;24;2;0;torsadé;5,60;2;117,50;1,92;2,90
DRB22;DRB;22;2;0;torsadé;8,53;2;61,80;2,18;3,73
DRB20;DRB;20;2;0;torsadé;14,11;2;34,20;2,68;5,64
DRB18;DRB;18;2;0;torsadé;21,49;2;21,80;3,22;8,14
DRB16;DRB;16;2;0;torsadé;30,10;2;15,00;3,84;11,58
DRB14;DRB;14;2;0;torsadé;40,75;2;11,30;4,48;15,76
DRB12;DRB;12;2;0;torsadé;64,54;2;7,00;5,40;22,90
DRB10;DRB;10;2;0;torsadé;102,69;2;4,22;6,66;34,84
DRB8;DRB;8;2;0;torsadé;185,40;2;2,37;8,80;60,82
DRB6;DRB;6;2;0;torsadé;278,10;2;1,63;11,40;102,07
DRC24;DRC;24;3;0;;8,40;3;;2,06;3,35
DRC22;DRC;22;3;0;;;3;;2,37;4,39
DRC20;DRC;20;3;0;;;3;;2,88;6,52
DRC18;DRC;18;3;0;;;3;;3,46;9,41
DRC16;DRC;16;3;0;;;3;;4,13;13,38
DRC14;DRC;14;3;0;;;3;;4,82;18,22
DRC12;DRC;12;3;0;;;3;;5,81;26,47
DRC10;DRC;10;3;0;;154,04;3;;7,16;40,26
DRC8;DRC;8;3;0;;;3;;9,46;70,29
DRC6;DRC;6;3;0;;;3;;12,26;117,96
DRD24;DRD;24;4;0;;;4;;2,30;4,17
DRD22;DRD;22;4;0;;;4;;2,64;5,47
DRD20;DRD;20;4;0;;;4;;3,22;8,12
DRD18;DRD;18;4;0;;;4;;3,86;11,73
DRD16;DRD;16;4;0;;;4;;4,61;16,68
DRD14;DRD;14;4;0;;;4;;5,38;22,70
DRD12;DRD;12;4;0;;;4;;6,48;32,98
DRD10;DRD;10;4;0;;205,38;4;;7,99;50,17
DRD8;DRD;8;4;0;;;4;;10,56;87,58
DRD6;DRD;6;4;0;;;4;;13,68;146,98
DW24;DW;24;1;0;;3,90;1;60,00;1,65;2,14
DW22;DW;22;1;0;;3,90;1;60,00;1,80;2,54
GPB24;GPB;24;2;1;torsadé blindé;29,47;3;61,80;4,00;12,57
GPB22;GPB;22;2;1;torsadé blindé;29,47;3;61,80;4,44;15,48
HE;HE;;2;1;twinax;27,00;3;;4,50;15,90
HJ;HJ;;2;1;twinax;22,00;3;165,00;3,00;7,07
KC;KC;;1;0;coaxial;27,00;1;;3,50;9,62
KD24;KD;24;4;1;quadrax;41,00;5;;5,00;19,63
KL24;KL;24;4;1;quadrax;32,00;5;;4,00;12,57
KW;KW;;1;1;coaxial;95,00;2;;7,80;47,78
KX;KX;;1;1;coaxial;80,00;2;;5,55;24,19
LE;LE;;1;0;fibre optique;2,84;1;;;
MLA26;MLA;26;1;1;blindé;4,68;2;160,00;1,31;1,35
MLA24;MLA;24;1;1;blindé;5,76;2;114,00;1,45;1,65
MLA22;MLA;22;1;1;blindé;7,51;2;60,00;1,60;2,01
MLA20;MLA;20;1;1;blindé;10,77;2;33,20;1,84;2,66
MLA18;MLA;18;1;1;blindé;14,97;2;21,10;2,08;3,40
MLA16;MLA;16;1;1;blindé;20,97;2;14,50;2,43;4,64
MLA14;MLA;14;1;1;blindé;27,03;2;10,90;2,74;5,90
MLA12;MLA;12;1;1;blindé;39,70;2;6,80;2,74;5,90
MLA10;MLA;10;1;1;blindé;61,94;2;4,10;3,89;11,88
MLB26;MLB;26;2;1;torsadé blindé;8,17;3;165,00;2,13;3,56
MLB24;MLB;24;2;1;torsadé blindé;10,23;3;117,00;2,40;4,52
MLB22;MLB;22;2;1;torsadé blindé;13,64;3;61,70;2,70;5,73
MLB20;MLB;20;2;1;torsadé blindé;21,05;3;34,10;3,22;8,14
MLB18;MLB;18;2;1;torsadé blindé;29,52;3;21,70;3,71;10,81
MLB16;MLB;16;2;1;torsadé blindé;41,20;3;14,90;4,38;15,07
MLB14;MLB;14;2;1;torsadé blindé;55,83;3;11,20;5,04;19,95
MLB12;MLB;12;2;1;torsadé blindé;86,79;3;6,99;6,09;29,13
MLB10;MLB;10;2;1;torsadé blindé;130,51;3;4,22;7,39;42,89
MLC26;MLC;26;3;1;torsadé blindé;10,94;4;165,00;2,26;4,01
MLC24;MLC;24;3;1;torsadé blindé;14,72;4;117,00;2,59;5,27
MLC22;MLC;22;3;1;torsadé blindé;19,76;4;61,70;2,91;6,65
MLC20;MLC;20;3;1;torsadé blindé;30,44;4;34,10;3,48;9,51
MLC18;MLC;18;3;1;torsadé blindé;42,96;4;21,70;4,00;12,57
MLC16;MLC;16;3;1;torsadé blindé;60,67;4;14,90;4,73;17,57
MLC14;MLC;14;3;1;torsadé blindé;78,83;4;11,20;5,39;22,82
MLC12;MLC;12;3;1;torsadé blindé;122,72;4;6,99;6,50;33,18
MLC10;MLC;10;3;1;torsadé blindé;186,69;4;4,22;7,90;49,02
MLD26;MLD;26;4;1;torsadé blindé;14,57;5;165,00;2,51;4,95
MLD24;MLD;24;4;1;torsadé blindé;18,47;5;117,00;2,84;6,33
MLD22;MLD;22;4;1;torsadé blindé;25,04;5;61,70;3,19;7,99
MLD20;MLD;20;4;1;torsadé blindé;38,81;5;34,10;3,82;11,46
MLD18;MLD;18;4;1;torsadé blindé;55,22;5;21,70;4,41;15,27
MLD16;MLD;16;4;1;torsadé blindé;78,02;5;14,90;5,23;21,48
MLD14;MLD;14;4;1;torsadé blindé;107,36;5;11,20;6,06;28,84
VNA24;VNA;24;1;1;;4,80;2;;1,45;1,65
VNA22;VNA;22;1;1;;5,86;2;;1,60;2,01
VNA20;VNA;20;1;1;;7,75;2;;1,87;2,75
VNA18;VNA;18;1;1;;10,40;2;;2,11;3,50
VNA16;VNA;16;1;1;;14,75;2;;2,48;4,83
VNA14;VNA;14;1;1;;17,96;2;;2,79;6,11
VNA12;VNA;12;1;1;;24,30;2;;3,20;8,04
VNA10;VNA;10;1;1;;36,07;2;;;
VNB24;VNB;24;2;1;;8,15;3;;2,40;4,52
VNB22;VNB;22;2;1;;10,16;3;;2,70;5,73
VNB20;VNB;20;2;1;;14,88;3;;3,27;8,40
VNB18;VNB;18;2;1;;20,20;3;;3,75;11,04
VNB16;VNB;16;2;1;;28,48;3;;4,44;15,48
VNB14;VNB;14;2;1;;37,27;3;;5,13;20,67
VNB12;VNB;12;2;1;;55,78;3;;6,09;29,13
VNB10;VNB;10;2;1;;78,19;3;;;
VNC24;VNC;24;3;1;;11,59;4;;2,59;5,27
VNC22;VNC;22;3;1;;14,52;4;;2,91;6,65
VNC20;VNC;20;3;1;;21,15;4;;3,52;9,73
VNC18;VNC;18;3;1;;28,80;4;;4,05;12,88
VNC16;VNC;16;3;1;;41,42;4;;4,80;18,10
VNC14;VNC;14;3;1;;50,80;4;;5,47;23,50
VNC12;VNC;12;3;1;;75,81;4;;6,50;33,18
VNC10;VNC;10;3;1;;107,60;4;;;
VND24;VND;24;4;1;;14,29;5;;;
VND22;VND;22;4;1;;18,06;5;;;
VND20;VND;20;4;1;;26,39;5;;;
VND18;VND;18;4;1;;36,22;5;;;
VND16;VND;16;4;1;;52,12;5;;;
VND14;VND;14;4;1;;70,00;5;;;
WC;WC;;1;0;coaxial;105,00;1;;6,40;32,17
WD;WD;;1;1;coaxial;137,00;2;;7,70;46,57
WF24;WF;24;2;1;twinax;23,40;3;117,50;3,30;8,55
WG;WG;;1;0;coaxial;9,38;1;;1,80;2,54
WH;WH;;1;0;coaxial;29,80;1;;3,58;10,07
WJ;WJ;;2;1;twinax;37,00;3;109,00;3,90;11,95
WK;WK;;1;0;coaxial;20,00;1;;2,50;4,91
WL;WL;;1;1;coaxial;12,00;2;;2,35;4,34
WM;WM;;1;1;coaxial;40,00;2;;4,00;12,57
WN;WN;;1;1;coaxial;130,00;2;;8,00;50,27
WP;WP;;1;0;coaxial;75,50;1;;4,95;19,24
WS;WS;;1;0;coaxial;20,00;1;;2,50;4,91
WV;WV;;2;1;twinax;43,30;3;109,00;4,10;13,20
WW26;WW;26;2;1;twinax;21,00;3;145,00;3,00;7,07
WX26;WX;26;2;1;twinax;18,00;3;145,00;2,90;6,61
XD;XD;;1;0;;198,00;1;;10,80;91,61
XE;XE;;1;0;coaxial;18,00;1;;2,70;5,73
XF;XF;;1;0;coaxial;67,00;1;;4,95;19,24
XK;XK;;1;0;coaxial;59,50;1;;5,13;20,67
XM24;XM;24;2;1;twinax;15,00;3;;3,10;7,55
XS;XS;;2;1;twinax;270,00;3;;10,90;93,31
XY;XY;;2;1;twinax;16,10;3;;2,54;5,07
YH22;YH;22;2;1;;24,30;3;;4,00;12,57
YH20;YH;20;2;1;;31,40;3;;4,55;16,26
YV6;YV;6;1;0;;55,00;1;2,20;6,40;32,17
YV4;YV;4;1;0;;77,00;1;1,50;7,50;44,18
YV3;YV;3;1;0;;;1;;8,40;55,42
YV2;YV;2;1;0;;119,00;1;0,94;9,20;66,48
YV1;YV;1;1;0;;149,00;1;0,75;10,10;80,12
YV0;YV;0;1;0;;186,00;1;0,60;11,60;105,68
YV00;YV;00;1;0;;240,00;1;0,43;13,20;136,85
