Disjoncteurs — les courbes de disjonction à tension nominale d'un disjoncteur thermique COMPENSÉ EN TEMPÉRATURE, type EN 2495 / EN 2995 (Klixon 2TC, MS3320) — la recherche d'octobre 2026 les a comparées point par point à la calibration Klixon : plausibles ; 125 °C est l'enveloppe la plus rapide, −55 °C la plus lente (l'Excel du lecteur, feuille Base_de_données, octobre 2026) : le temps de déclenchement en secondes selon le multiple du courant nominal In, à 125 °C, à 23 °C (la plus rapide et la plus lente) et à −55 °C.
Un profil de charge (le démarrage, la transition, le permanent : un courant pendant une durée) doit rester À GAUCHE de ces courbes : le disjoncteur ne déclenche pas avant la fin de chaque phase. L'outil juge sur la courbe la plus rapide (125 °C) et dit la marge sur les autres ; sous le premier multiple d'une courbe, le disjoncteur ne déclenche jamais. En dessous de deux points, l'outil interpole en log-log.
La famille « disjoncteur » vaut pour tous les calibres (la courbe est en multiples de In). Si une autre famille de disjoncteurs a ses courbes, on l'ajoute avec son nom.

Famille;Courbe;Température;Multiple;Temps
disjoncteur;125 °C;125;0,92361;4746,23649
disjoncteur;125 °C;125;0,93618;3001,41218
disjoncteur;125 °C;125;0,93197;1968,90110
disjoncteur;125 °C;125;0,94466;1303,47467
disjoncteur;125 °C;125;0,94466;895,16485
disjoncteur;125 °C;125;0,94893;587,22024
disjoncteur;125 °C;125;0,94466;395,95057
disjoncteur;125 °C;125;0,94893;264,54530
disjoncteur;125 °C;125;0,96185;180,01976
disjoncteur;125 °C;125;0,96619;118,09137
disjoncteur;125 °C;125;0,97056;78,90010
disjoncteur;125 °C;125;0,98821;50,35405
disjoncteur;125 °C;125;1,01531;34,58079
disjoncteur;125 °C;125;1,04785;22,89357
disjoncteur;125 °C;125;1,11611;15,86699
disjoncteur;125 °C;125;1,18346;10,99704
disjoncteur;125 °C;125;1,29608;7,44060
disjoncteur;125 °C;125;1,43227;5,22829
disjoncteur;125 °C;125;1,59951;3,75318
disjoncteur;125 °C;125;1,78627;2,69426
disjoncteur;125 °C;125;2,01593;1,93410
disjoncteur;125 °C;125;2,26489;1,41140
disjoncteur;125 °C;125;2,56956;1,02408
disjoncteur;125 °C;125;2,87606;0,76376
disjoncteur;125 °C;125;3,32231;0,55417
disjoncteur;125 °C;125;3,83781;0,42095
disjoncteur;125 °C;125;4,37374;0,30543
disjoncteur;125 °C;125;4,98451;0,22989
disjoncteur;125 °C;125;5,73202;0,17623
disjoncteur;125 °C;125;6,68136;0,13143
disjoncteur;125 °C;125;7,75292;0,09984
disjoncteur;125 °C;125;8,99633;0,07584
disjoncteur;125 °C;125;10,39221;0,05814
disjoncteur;125 °C;125;12,05891;0,04498
disjoncteur;125 °C;125;14,05613;0,03416
disjoncteur;125 °C;125;16,38413;0,02692
disjoncteur;125 °C;125;19,09771;0,02083
disjoncteur;125 °C;125;22,46228;0,01641
disjoncteur;125 °C;125;26,30081;0,01270
disjoncteur;125 °C;125;30,93442;0,01038
disjoncteur;125 °C;125;36,38438;0,00825
disjoncteur;125 °C;125;42,79449;0,00644
disjoncteur;125 °C;125;50,33392;0,00499
disjoncteur;125 °C;125;59,20159;0,00411
disjoncteur;125 °C;125;70,26216;0,00333
disjoncteur;125 °C;125;81,53077;0,00277
disjoncteur;23 °C min;23;1,04471;4697,54825
disjoncteur;23 °C min;23;1,05022;3482,11012
disjoncteur;23 °C min;23;1,05022;2270,32017
disjoncteur;23 °C min;23;1,05575;1544,92443
disjoncteur;23 °C min;23;1,06132;1040,11995
disjoncteur;23 °C min;23;1,06692;700,26047
disjoncteur;23 °C min;23;1,06692;502,68881
disjoncteur;23 °C min;23;1,07820;345,75078
disjoncteur;23 °C min;23;1,08388;227,85127
disjoncteur;23 °C min;23;1,08960;150,15507
disjoncteur;23 °C min;23;1,09534;103,27709
disjoncteur;23 °C min;23;1,11276;71,79792
disjoncteur;23 °C min;23;1,13045;50,45028
disjoncteur;23 °C min;23;1,17284;34,69986
disjoncteur;23 °C min;23;1,22969;24,12323
disjoncteur;23 °C min;23;1,27580;17,69142
disjoncteur;23 °C min;23;1,35177;13,11396
disjoncteur;23 °C min;23;1,43982;9,72087
disjoncteur;23 °C min;23;1,57447;6,75792
disjoncteur;23 °C min;23;1,71268;5,11767
disjoncteur;23 °C min;23;1,90262;3,79353
disjoncteur;23 °C min;23;2,09152;2,84222
disjoncteur;23 °C min;23;2,37287;2,12948
disjoncteur;23 °C min;23;2,67795;1,56171
disjoncteur;23 °C min;23;3,02225;1,19537
disjoncteur;23 °C min;23;3,39293;0,90524
disjoncteur;23 °C min;23;3,95191;0,66388
disjoncteur;23 °C min;23;4,50716;0,50815
disjoncteur;23 °C min;23;5,03343;0,38895
disjoncteur;23 °C min;23;5,68057;0,30415
disjoncteur;23 °C min;23;6,47871;0,23280
disjoncteur;23 °C min;23;7,38897;0,17819
disjoncteur;23 °C min;23;8,42714;0,13786
disjoncteur;23 °C min;23;9,81548;0,10219
disjoncteur;23 °C min;23;11,19458;0,07822
disjoncteur;23 °C min;23;12,70048;0,06384
disjoncteur;23 °C min;23;14,03502;0,05210
disjoncteur;23 °C min;23;15,83949;0,04162
disjoncteur;23 °C min;23;18,35223;0,03186
disjoncteur;23 °C min;23;20,71178;0,02518
disjoncteur;23 °C min;23;23,13013;0,02077
disjoncteur;23 °C min;23;25,83087;0,01677
disjoncteur;23 °C min;23;29,30562;0,01369
disjoncteur;23 °C min;23;34,85921;0,01059
disjoncteur;23 °C min;23;39,75702;0,00855
disjoncteur;23 °C min;23;46,55101;0,00676
disjoncteur;23 °C min;23;53,65287;0,00546
disjoncteur;23 °C min;23;60,55096;0,00445
disjoncteur;23 °C min;23;69,05852;0,00371
disjoncteur;23 °C min;23;79,59415;0,00310
disjoncteur;23 °C min;23;88,88769;0,00264
disjoncteur;23 °C max;23;1,24924;4902,83083
disjoncteur;23 °C max;23;1,26245;3752,75090
disjoncteur;23 °C max;23;1,26245;2344,32968
disjoncteur;23 °C max;23;1,26910;1480,23857
disjoncteur;23 °C max;23;1,26910;1062,60337
disjoncteur;23 °C max;23;1,28252;692,81263
disjoncteur;23 °C max;23;1,30979;397,31384
disjoncteur;23 °C max;23;1,32363;248,20057
disjoncteur;23 °C max;23;1,36606;160,10441
disjoncteur;23 °C max;23;1,43982;102,17865
disjoncteur;23 °C max;23;1,54170;68,06005
disjoncteur;23 °C max;23;1,61642;50,45028
disjoncteur;23 °C max;23;1,71268;33,96564
disjoncteur;23 °C max;23;1,82424;25,72165
disjoncteur;23 °C max;23;1,96361;17,50326
disjoncteur;23 °C max;23;2,11363;12,56488
disjoncteur;23 °C max;23;2,37287;8,64216
disjoncteur;23 °C max;23;2,70627;5,94410
disjoncteur;23 °C max;23;3,07031;4,26703
disjoncteur;23 °C max;23;3,42881;3,19699
disjoncteur;23 °C max;23;3,93118;2,34460
disjoncteur;23 °C max;23;4,50716;1,61262
disjoncteur;23 °C max;23;5,16753;1,20822
disjoncteur;23 °C max;23;5,86267;0,90524
disjoncteur;23 °C max;23;6,58172;0,71548
disjoncteur;23 °C max;23;7,46710;0,57158
disjoncteur;23 °C max;23;8,29524;0,46649
disjoncteur;23 °C max;23;9,21522;0,37667
disjoncteur;23 °C max;23;10,62109;0,29141
disjoncteur;23 °C max;23;11,79903;0,24298
disjoncteur;23 °C max;23;13,38623;0,19830
disjoncteur;23 °C max;23;15,10730;0,15842
disjoncteur;23 °C max;23;17,22992;0,12929
disjoncteur;23 °C max;23;20,06846;0,10110
disjoncteur;23 °C max;23;22,76809;0,07991
disjoncteur;23 °C max;23;26,37997;0,06384
disjoncteur;23 °C max;23;29,92858;0,05266
disjoncteur;23 °C max;23;33,24783;0,04391
disjoncteur;23 °C max;23;39,75702;0,03397
disjoncteur;23 °C max;23;45,10516;0,02772
disjoncteur;23 °C max;23;53,09154;0,02168
disjoncteur;23 °C max;23;60,23338;0,01887
disjoncteur;23 °C max;23;71,27219;0,01573
disjoncteur;23 °C max;23;81,28611;0,01354
disjoncteur;23 °C max;23;90,77732;0,01179
disjoncteur;−55 °C;-55;1,46850;4821,59437
disjoncteur;−55 °C;-55;1,47430;3442,77332
disjoncteur;−55 °C;-55;1,49185;2214,86939
disjoncteur;−55 °C;-55;1,48598;1483,20913
disjoncteur;−55 °C;-55;1,50366;1001,24244
disjoncteur;−55 °C;-55;1,52156;633,88920
disjoncteur;−55 °C;-55;1,56415;427,90821
disjoncteur;−55 °C;-55;1,62067;275,28988
disjoncteur;−55 °C;-55;1,68587;185,83497
disjoncteur;−55 °C;-55;1,76758;106,85781
disjoncteur;−55 °C;-55;1,83145;79,42158
disjoncteur;−55 °C;-55;1,93542;54,48055
disjoncteur;−55 °C;-55;2,02922;39,21407
disjoncteur;−55 °C;-55;2,15290;28,22554
disjoncteur;−55 °C;-55;2,33880;20,15394
disjoncteur;−55 °C;-55;2,50100;15,97186
disjoncteur;−55 °C;-55;2,74930;11,40442
disjoncteur;−55 °C;-55;2,99851;8,75260
disjoncteur;−55 °C;-55;3,27031;6,77148
disjoncteur;−55 °C;-55;3,65216;5,11425
disjoncteur;−55 °C;-55;4,11089;3,74066
disjoncteur;−55 °C;-55;4,53689;2,91728
disjoncteur;−55 °C;-55;5,00703;2,25696
disjoncteur;−55 °C;-55;5,56965;1,80303
disjoncteur;−55 °C;-55;6,24455;1,37273
disjoncteur;−55 °C;-55;6,89165;1,07057
disjoncteur;−55 °C;-55;7,63587;0,84842
disjoncteur;−55 °C;-55;8,56115;0,65114
disjoncteur;−55 °C;-55;9,52313;0,52018
disjoncteur;−55 °C;-55;10,76166;0,39287
disjoncteur;−55 °C;-55;12,25757;0,30395
disjoncteur;−55 °C;-55;13,58123;0,24873
disjoncteur;−55 °C;-55;15,28712;0,19711
disjoncteur;−55 °C;-55;17,48090;0,15496
disjoncteur;−55 °C;-55;19,83243;0,12281
disjoncteur;−55 °C;-55;22,41171;0,09350
disjoncteur;−55 °C;-55;26,03542;0,07410
disjoncteur;−55 °C;-55;29,30563;0,05919
disjoncteur;−55 °C;-55;32,72743;0,05042
disjoncteur;−55 °C;-55;36,98378;0,03996
disjoncteur;−55 °C;-55;41,62917;0,03404
disjoncteur;−55 °C;-55;47,60314;0,02697
disjoncteur;−55 °C;-55;54,86552;0,02190
disjoncteur;−55 °C;-55;63,48572;0,01836
disjoncteur;−55 °C;-55;73,17111;0,01539
disjoncteur;−55 °C;-55;82,03768;0,01364
disjoncteur;−55 °C;-55;93,07339;0,01181

Calibration — les points normalisés des disjoncteurs thermiques d'aéronef, par famille et par température ambiante (Sensata 2TC/3TC/7274, Military-Fasteners MS3320, Safran 170 ; octobre 2026). Tient = multiple de In tenu 1 h ; Déclenche = multiple de In déclenchant en moins d'1 h ; t200 / t500 / t1000 = temps de déclenchement min–max en s à 200 %, 500 %, 1000 % de In.
Famille;Norme;Température;Tient;Déclenche;t200 min;t200 max;t500 min;t500 max;t1000 min;t1000 max;Source
2TC;MS3320 / AS33201 / AS58091;25;1,15;1,38;4;16;0,40;1,60;0,10;0,40;Sensata 2TC
2TC;MS3320 / AS33201 / AS58091;-54;1,15;1,65;7;35;0,60;3,00;0,15;0,70;Sensata 2TC
2TC;MS3320 / AS33201 / AS58091;121;0,85;1,45;2;13;0,25;1,00;0,06;0,25;Sensata 2TC
3TC;MS14105;25;1,15;1,38;4;20;0,40;1,70;0,10;0,40;Sensata 3TC
3TC;MS14105;-54;1,15;1,65;6;35;0,55;3,00;0,15;0,70;Sensata 3TC
3TC;MS14105;121;0,85;1,45;2;15;0,25;1,00;0,06;0,25;Sensata 3TC
7274;MIL-C-5809 / MS22073 / MS26574;25;1,15;1,50;2;20;0,16;1,20;0,046;0,80;Sensata 7274
7274;MIL-C-5809 / MS22073 / MS26574;-55;1,35;1,80;;;;;;;Sensata 7274
7274;MIL-C-5809 / MS22073 / MS26574;71;0,90;1,30;;;;;;;Sensata 7274
Safran 170;MS25017;25;1,00;1,25;15;70;;;;;Safran 170 (400 % : 2-12 s, 600 % : 1-5 s)
Safran 170;MS25017;71;0,70;1,25;;;;;;;Safran 170
Safran 170;MS25017;-40;1,10;1,60;;;;;;;Safran 170

Familles de disjoncteurs — ce qu'une famille est : la norme, les pôles, la gamme de calibres, la tension, la compensation en température, l'ambiante admise, la masse, la courbe à prendre (la famille de la table des courbes). Sources : Sensata (2TC, 3TC, 6TC, 9TC, 7274), Crouzet (2019), Safran (170), listings EN. Le calibre se lit en queue du part number seulement pour ces familles (NSA935401 est un collier, pas un disjoncteur).
Famille;Norme;Pôles;Calibres;Tension;Compensé;Tmin;Tmax;Masse;Courbe;Note
MS3320;MS3320 / AS33201 / AS58091 (Klixon 2TC2) / EN 2495 (croisement Sensata);1;1 2 2,5 3 4 5 7,5 10 15 20 25;28 V DC / 120 V AC 400 Hz;oui;-54;121;24;disjoncteur;pouvoir de coupure 6000 A à 28 V DC (1-20 A), 2500 A à 120 V AC (1-15 A), trip-free, calibres coordonnés 2:1
2TC;MS3320 (Klixon 2TC2, 2TC27 = MS3320L, 2TC63 = MS3320V);1;1 2 2,5 3 4 5 7,5 10 15 20 25;28 V DC / 120 V AC 400 Hz;oui;-54;121;24;disjoncteur;
AS33201;AS33201;1;1 2 2,5 3 4 5 7,5 10 15 20 25;28 V DC / 120 V AC 400 Hz;oui;-54;121;24;disjoncteur;
3TC;MS14105 / AS14105;1;15 20 25 30 35;28 V DC / 120 V AC 400 Hz;oui;-54;121;36;disjoncteur;
MS14105;MS14105;1;15 20 25 30 35;28 V DC / 120 V AC 400 Hz;oui;-54;121;36;disjoncteur;
6TC;MS14154 / AS14154;3;1 2 2,5 3 4 5 7,5 10 15 20 25 30 35;115/200 V AC 400 Hz;oui;-54;121;65;disjoncteur;une phase déclenche les trois, 2000 A à 120 V AC
MS14154;MS14154 / AS14154;3;1 2 2,5 3 4 5 7,5 10 15 20 25 30 35;115/200 V AC 400 Hz;oui;-54;121;65;disjoncteur;tripolaire
9TC;MS14153 / AS14153;3;1 2 2,5 3 4 5 7,5 10 15 20 25 30 35;115/200 V AC 400 Hz;oui;-54;121;110;disjoncteur;tripolaire
MS14153;MS14153 / AS14153;3;1 2 2,5 3 4 5 7,5 10 15 20 25 30 35;115/200 V AC 400 Hz;oui;-54;121;110;disjoncteur;tripolaire
7274;MIL-C-5809 / MS22073 (7274-11) / MS26574 (7274-2);1;0,5 0,75 1 1,5 2 2,5 3 4 5 7,5 10 15 20;28 V DC / 120 V AC 400 Hz;non;-55;71;30;;non compensé : 90-130 % à 71 °C, 135-180 % à -55 °C
MS22073;MS22073 (Klixon 7274-11);1;0,5 0,75 1 1,5 2 2,5 3 4 5 7,5 10 15 20;28 V DC / 120 V AC 400 Hz;non;-55;71;30;;
MS26574;MS26574 (Klixon 7274-2);1;0,5 0,75 1 1,5 2 2,5 3 4 5 7,5 10 15 20;28 V DC / 120 V AC 400 Hz;non;-55;71;30;;
EN2495;EN 2495:1990 (0,5-25 A) / EN 2995-001:2023 (1-25 A);1;0,5 0,75 1 1,5 2 2,5 3 4 5 7,5 10 15 20 25;28 V DC / 115 V AC 400 Hz;oui;-55;125;20;disjoncteur;Crouzet : EN2495 + MS33201 V, < 20 g
EN2995;EN 2995-001:2023;1;1 2 2,5 3 4 5 7,5 10 15 20 25;28 V DC / 115 V AC 400 Hz;oui;-55;125;20;disjoncteur;
MS33201;MS33201 (Crouzet, modèle EN 2495);1;0,5 0,75 1 1,5 2 2,5 3 4 5 7,5 10 15 20 25;28 V DC / 115 V AC 400 Hz;oui;-55;125;20;disjoncteur;
EN3661;EN 3661-001:2024;1;20 25 30 35 40 50;28 V DC / 115 V AC 400 Hz;oui;-55;125;;disjoncteur;
EN2592;EN 2592:1990 / EN 2996-001:2023;3;1 2 2,5 3 4 5 7,5 10 15 20 25;115/200 V AC 400 Hz;oui;-55;125;;disjoncteur;tripolaire
EN2996;EN 2996-001:2023;3;1 2 2,5 3 4 5 7,5 10 15 20 25;115/200 V AC 400 Hz;oui;-55;125;;disjoncteur;tripolaire
EN3662;EN 3662-001:2024;3;20 25 30 35 40 50;115/200 V AC 400 Hz;oui;-55;125;;disjoncteur;tripolaire

Protection — le calibre maximal du disjoncteur et du fusible par jauge de fil (FAA AC 43.13-1B chap. 11, table 11-3 : courant continu, faisceau à 57 °C ; « un fil seul à l'air libre peut être protégé par le calibre immédiatement supérieur »), et ce que le contact de la taille courante admet (MIL-DTL-38999 III : 22D 5 A, 20 7,5 A, 16 13 A, 12 23 A ; 8, 4, 0 de mémoire, à confirmer)
Jauge;Disjoncteur max;Fusible max;Taille contact;I contact;Note
22;5;5;22;5;contact 22D : fils 28-22 AWG
20;7,5;5;20;7,5;contact 20 : fils 24-20 AWG
18;10;10;16;13;
16;15;10;16;13;contact 16 : fils 20-16 AWG
14;20;15;12;23;
12;30;20;12;23;contact 12 : fils 14-12 AWG
10;40;30;8;46;I contact de mémoire
8;50;50;8;46;I contact de mémoire
6;80;70;4;80;I contact de mémoire
4;100;70;4;80;I contact de mémoire
2;125;100;0;150;I contact de mémoire
1;150;;;;fusible non donné
0;150;150;0;150;I contact de mémoire
