Dommage — ce qu'un fil CUIVRE supporte en défaut, pour juger si le disjoncteur le PROTÈGE (pas pour juger la charge en service, qui reste l'EN 2853 à 135 °C) : en bref, l'échauffement adiabatique depuis 135 °C (le fil à sa température de service quand la surcharge arrive) jusqu'à la tenue du câble, en continu, l'intensité EN 2853 du fil × déclassement (faisceau, altitude) × le facteur √((tenue − ambiante)/40), ici calculé pour 95 °C d'ambiante. Courbe de dommage(t) = le plus grand de l'adiabatique et du continu. L'adiabatique ignore le refroidissement : il est prudent, d'autant plus que la durée est longue. Pas de ligne pour l'aluminium cuivré (AD, VN : K et β de l'alliage non trouvés).
Conducteur;Fil AWG;Toron mm2;R20 ohm par km;T avant défaut;T tenue;I2t admis;Dommage 2 s;Dommage 10 s;Facteur continu dommage (ambiante 95 °C);Note;Source;Statut
cuivre (type *);26;0,149;160,0;135;260;239;10,9;4,9;2,031;"alliage de cuivre (EN 2853 note b) : la correction de résistivité couvre l’alliage, pas sa chaleur massique — à confirmer ; famille DR, MLx, DW, GPB, DG, DH (260 °C)";"CEI 60949 (adiabatique, K = 226 A·s½/mm², β = 234,5 ; mycableengineering.com/the-adiabatic-equation), corrigé de la résistivité réelle du toron (0,017241 / (R20 × S)) ; section et R20 : en2853.csv ; facteur continu : AC 43.13-1B § 11-67 b-c, MIL-W-5088L § 6.7 (ΔT = tenue − ambiante) appliqué à l’EN 2853";déduit
cuivre (type *);26;0,149;160,0;135;200;133;8,2;3,6;1,620;"alliage de cuivre (EN 2853 note b) : la correction de résistivité couvre l’alliage, pas sa chaleur massique — à confirmer ; familles WF, WJ, WW, WV, XM, HJ, coax (200 °C)";"CEI 60949 (adiabatique, K = 226 A·s½/mm², β = 234,5 ; mycableengineering.com/the-adiabatic-equation), corrigé de la résistivité réelle du toron (0,017241 / (R20 × S)) ; section et R20 : en2853.csv ; facteur continu : AC 43.13-1B § 11-67 b-c, MIL-W-5088L § 6.7 (ΔT = tenue − ambiante) appliqué à l’EN 2853";déduit
cuivre (type *);26;0,149;160,0;135;150;33;4,0;1,8;1,173;"alliage de cuivre (EN 2853 note b) : la correction de résistivité couvre l’alliage, pas sa chaleur massique — à confirmer ; famille BN (150 °C) : presque aucune réserve au-dessus des 135 °C de service";"CEI 60949 (adiabatique, K = 226 A·s½/mm², β = 234,5 ; mycableengineering.com/the-adiabatic-equation), corrigé de la résistivité réelle du toron (0,017241 / (R20 × S)) ; section et R20 : en2853.csv ; facteur continu : AC 43.13-1B § 11-67 b-c, MIL-W-5088L § 6.7 (ΔT = tenue − ambiante) appliqué à l’EN 2853";déduit
cuivre (type *);24;0,215;114,0;135;260;484;15,6;7,0;2,031;"alliage de cuivre (EN 2853 note b) : la correction de résistivité couvre l’alliage, pas sa chaleur massique — à confirmer ; famille DR, MLx, DW, GPB, DG, DH (260 °C)";"CEI 60949 (adiabatique, K = 226 A·s½/mm², β = 234,5 ; mycableengineering.com/the-adiabatic-equation), corrigé de la résistivité réelle du toron (0,017241 / (R20 × S)) ; section et R20 : en2853.csv ; facteur continu : AC 43.13-1B § 11-67 b-c, MIL-W-5088L § 6.7 (ΔT = tenue − ambiante) appliqué à l’EN 2853";déduit
cuivre (type *);24;0,215;114,0;135;200;269;11,6;5,2;1,620;"alliage de cuivre (EN 2853 note b) : la correction de résistivité couvre l’alliage, pas sa chaleur massique — à confirmer ; familles WF, WJ, WW, WV, XM, HJ, coax (200 °C)";"CEI 60949 (adiabatique, K = 226 A·s½/mm², β = 234,5 ; mycableengineering.com/the-adiabatic-equation), corrigé de la résistivité réelle du toron (0,017241 / (R20 × S)) ; section et R20 : en2853.csv ; facteur continu : AC 43.13-1B § 11-67 b-c, MIL-W-5088L § 6.7 (ΔT = tenue − ambiante) appliqué à l’EN 2853";déduit
cuivre (type *);24;0,215;114,0;135;150;66;5,7;2,6;1,173;"alliage de cuivre (EN 2853 note b) : la correction de résistivité couvre l’alliage, pas sa chaleur massique — à confirmer ; famille BN (150 °C) : presque aucune réserve au-dessus des 135 °C de service";"CEI 60949 (adiabatique, K = 226 A·s½/mm², β = 234,5 ; mycableengineering.com/the-adiabatic-equation), corrigé de la résistivité réelle du toron (0,017241 / (R20 × S)) ; section et R20 : en2853.csv ; facteur continu : AC 43.13-1B § 11-67 b-c, MIL-W-5088L § 6.7 (ΔT = tenue − ambiante) appliqué à l’EN 2853";déduit
cuivre (type *);22;0,336;60,0;135;260;1437;26,8;12,0;2,031;famille DR, MLx, DW, GPB, DG, DH (260 °C);"CEI 60949 (adiabatique, K = 226 A·s½/mm², β = 234,5 ; mycableengineering.com/the-adiabatic-equation), corrigé de la résistivité réelle du toron (0,017241 / (R20 × S)) ; section et R20 : en2853.csv ; facteur continu : AC 43.13-1B § 11-67 b-c, MIL-W-5088L § 6.7 (ΔT = tenue − ambiante) appliqué à l’EN 2853";déduit
cuivre (type *);22;0,336;60,0;135;200;799;20,0;8,9;1,620;familles WF, WJ, WW, WV, XM, HJ, coax (200 °C);"CEI 60949 (adiabatique, K = 226 A·s½/mm², β = 234,5 ; mycableengineering.com/the-adiabatic-equation), corrigé de la résistivité réelle du toron (0,017241 / (R20 × S)) ; section et R20 : en2853.csv ; facteur continu : AC 43.13-1B § 11-67 b-c, MIL-W-5088L § 6.7 (ΔT = tenue − ambiante) appliqué à l’EN 2853";déduit
cuivre (type *);22;0,336;60,0;135;150;196;9,9;4,4;1,173;famille BN (150 °C) : presque aucune réserve au-dessus des 135 °C de service;"CEI 60949 (adiabatique, K = 226 A·s½/mm², β = 234,5 ; mycableengineering.com/the-adiabatic-equation), corrigé de la résistivité réelle du toron (0,017241 / (R20 × S)) ; section et R20 : en2853.csv ; facteur continu : AC 43.13-1B § 11-67 b-c, MIL-W-5088L § 6.7 (ΔT = tenue − ambiante) appliqué à l’EN 2853";déduit
cuivre (type *);20;0,597;33,2;135;260;4614;48,0;21,5;2,031;famille DR, MLx, DW, GPB, DG, DH (260 °C);"CEI 60949 (adiabatique, K = 226 A·s½/mm², β = 234,5 ; mycableengineering.com/the-adiabatic-equation), corrigé de la résistivité réelle du toron (0,017241 / (R20 × S)) ; section et R20 : en2853.csv ; facteur continu : AC 43.13-1B § 11-67 b-c, MIL-W-5088L § 6.7 (ΔT = tenue − ambiante) appliqué à l’EN 2853";déduit
cuivre (type *);20;0,597;33,2;135;200;2566;35,8;16,0;1,620;familles WF, WJ, WW, WV, XM, HJ, coax (200 °C);"CEI 60949 (adiabatique, K = 226 A·s½/mm², β = 234,5 ; mycableengineering.com/the-adiabatic-equation), corrigé de la résistivité réelle du toron (0,017241 / (R20 × S)) ; section et R20 : en2853.csv ; facteur continu : AC 43.13-1B § 11-67 b-c, MIL-W-5088L § 6.7 (ΔT = tenue − ambiante) appliqué à l’EN 2853";déduit
cuivre (type *);20;0,597;33,2;135;150;630;17,7;7,9;1,173;famille BN (150 °C) : presque aucune réserve au-dessus des 135 °C de service;"CEI 60949 (adiabatique, K = 226 A·s½/mm², β = 234,5 ; mycableengineering.com/the-adiabatic-equation), corrigé de la résistivité réelle du toron (0,017241 / (R20 × S)) ; section et R20 : en2853.csv ; facteur continu : AC 43.13-1B § 11-67 b-c, MIL-W-5088L § 6.7 (ΔT = tenue − ambiante) appliqué à l’EN 2853";déduit
cuivre (type *);18;0,933;21,1;135;260;11347;75,3;33,7;2,031;famille DR, MLx, DW, GPB, DG, DH (260 °C);"CEI 60949 (adiabatique, K = 226 A·s½/mm², β = 234,5 ; mycableengineering.com/the-adiabatic-equation), corrigé de la résistivité réelle du toron (0,017241 / (R20 × S)) ; section et R20 : en2853.csv ; facteur continu : AC 43.13-1B § 11-67 b-c, MIL-W-5088L § 6.7 (ΔT = tenue − ambiante) appliqué à l’EN 2853";déduit
cuivre (type *);18;0,933;21,1;135;200;6310;56,2;25,1;1,620;familles WF, WJ, WW, WV, XM, HJ, coax (200 °C);"CEI 60949 (adiabatique, K = 226 A·s½/mm², β = 234,5 ; mycableengineering.com/the-adiabatic-equation), corrigé de la résistivité réelle du toron (0,017241 / (R20 × S)) ; section et R20 : en2853.csv ; facteur continu : AC 43.13-1B § 11-67 b-c, MIL-W-5088L § 6.7 (ΔT = tenue − ambiante) appliqué à l’EN 2853";déduit
cuivre (type *);18;0,933;21,1;135;150;1549;27,8;12,4;1,173;famille BN (150 °C) : presque aucune réserve au-dessus des 135 °C de service;"CEI 60949 (adiabatique, K = 226 A·s½/mm², β = 234,5 ; mycableengineering.com/the-adiabatic-equation), corrigé de la résistivité réelle du toron (0,017241 / (R20 × S)) ; section et R20 : en2853.csv ; facteur continu : AC 43.13-1B § 11-67 b-c, MIL-W-5088L § 6.7 (ΔT = tenue − ambiante) appliqué à l’EN 2853";déduit
cuivre (type *);16;1,343;14,5;135;260;23767;109,0;48,8;2,031;famille DR, MLx, DW, GPB, DG, DH (260 °C);"CEI 60949 (adiabatique, K = 226 A·s½/mm², β = 234,5 ; mycableengineering.com/the-adiabatic-equation), corrigé de la résistivité réelle du toron (0,017241 / (R20 × S)) ; section et R20 : en2853.csv ; facteur continu : AC 43.13-1B § 11-67 b-c, MIL-W-5088L § 6.7 (ΔT = tenue − ambiante) appliqué à l’EN 2853";déduit
cuivre (type *);16;1,343;14,5;135;200;13217;81,3;36,4;1,620;familles WF, WJ, WW, WV, XM, HJ, coax (200 °C);"CEI 60949 (adiabatique, K = 226 A·s½/mm², β = 234,5 ; mycableengineering.com/the-adiabatic-equation), corrigé de la résistivité réelle du toron (0,017241 / (R20 × S)) ; section et R20 : en2853.csv ; facteur continu : AC 43.13-1B § 11-67 b-c, MIL-W-5088L § 6.7 (ΔT = tenue − ambiante) appliqué à l’EN 2853";déduit
cuivre (type *);16;1,343;14,5;135;150;3246;40,3;18,0;1,173;famille BN (150 °C) : presque aucune réserve au-dessus des 135 °C de service;"CEI 60949 (adiabatique, K = 226 A·s½/mm², β = 234,5 ; mycableengineering.com/the-adiabatic-equation), corrigé de la résistivité réelle du toron (0,017241 / (R20 × S)) ; section et R20 : en2853.csv ; facteur continu : AC 43.13-1B § 11-67 b-c, MIL-W-5088L § 6.7 (ΔT = tenue − ambiante) appliqué à l’EN 2853";déduit
cuivre (type *);14;1,816;10,9;135;260;42752;146,2;65,4;2,031;famille DR, MLx, DW, GPB, DG, DH (260 °C);"CEI 60949 (adiabatique, K = 226 A·s½/mm², β = 234,5 ; mycableengineering.com/the-adiabatic-equation), corrigé de la résistivité réelle du toron (0,017241 / (R20 × S)) ; section et R20 : en2853.csv ; facteur continu : AC 43.13-1B § 11-67 b-c, MIL-W-5088L § 6.7 (ΔT = tenue − ambiante) appliqué à l’EN 2853";déduit
cuivre (type *);14;1,816;10,9;135;200;23774;109,0;48,8;1,620;familles WF, WJ, WW, WV, XM, HJ, coax (200 °C);"CEI 60949 (adiabatique, K = 226 A·s½/mm², β = 234,5 ; mycableengineering.com/the-adiabatic-equation), corrigé de la résistivité réelle du toron (0,017241 / (R20 × S)) ; section et R20 : en2853.csv ; facteur continu : AC 43.13-1B § 11-67 b-c, MIL-W-5088L § 6.7 (ΔT = tenue − ambiante) appliqué à l’EN 2853";déduit
cuivre (type *);14;1,816;10,9;135;150;5838;54,0;24,2;1,173;famille BN (150 °C) : presque aucune réserve au-dessus des 135 °C de service;"CEI 60949 (adiabatique, K = 226 A·s½/mm², β = 234,5 ; mycableengineering.com/the-adiabatic-equation), corrigé de la résistivité réelle du toron (0,017241 / (R20 × S)) ; section et R20 : en2853.csv ; facteur continu : AC 43.13-1B § 11-67 b-c, MIL-W-5088L § 6.7 (ΔT = tenue − ambiante) appliqué à l’EN 2853";déduit
cuivre (type *);12;2,976;6,8;135;260;112302;237,0;106,0;2,031;famille DR, MLx, DW, GPB, DG, DH (260 °C);"CEI 60949 (adiabatique, K = 226 A·s½/mm², β = 234,5 ; mycableengineering.com/the-adiabatic-equation), corrigé de la résistivité réelle du toron (0,017241 / (R20 × S)) ; section et R20 : en2853.csv ; facteur continu : AC 43.13-1B § 11-67 b-c, MIL-W-5088L § 6.7 (ΔT = tenue − ambiante) appliqué à l’EN 2853";déduit
cuivre (type *);12;2,976;6,8;135;200;62451;176,7;79,0;1,620;familles WF, WJ, WW, WV, XM, HJ, coax (200 °C);"CEI 60949 (adiabatique, K = 226 A·s½/mm², β = 234,5 ; mycableengineering.com/the-adiabatic-equation), corrigé de la résistivité réelle du toron (0,017241 / (R20 × S)) ; section et R20 : en2853.csv ; facteur continu : AC 43.13-1B § 11-67 b-c, MIL-W-5088L § 6.7 (ΔT = tenue − ambiante) appliqué à l’EN 2853";déduit
cuivre (type *);12;2,976;6,8;135;150;15336;87,6;39,2;1,173;famille BN (150 °C) : presque aucune réserve au-dessus des 135 °C de service;"CEI 60949 (adiabatique, K = 226 A·s½/mm², β = 234,5 ; mycableengineering.com/the-adiabatic-equation), corrigé de la résistivité réelle du toron (0,017241 / (R20 × S)) ; section et R20 : en2853.csv ; facteur continu : AC 43.13-1B § 11-67 b-c, MIL-W-5088L § 6.7 (ΔT = tenue − ambiante) appliqué à l’EN 2853";déduit
cuivre (type *);10;4,900;4,2;135;260;299371;386,9;173,0;2,031;famille DR, MLx, DW, GPB, DG, DH (260 °C);"CEI 60949 (adiabatique, K = 226 A·s½/mm², β = 234,5 ; mycableengineering.com/the-adiabatic-equation), corrigé de la résistivité réelle du toron (0,017241 / (R20 × S)) ; section et R20 : en2853.csv ; facteur continu : AC 43.13-1B § 11-67 b-c, MIL-W-5088L § 6.7 (ΔT = tenue − ambiante) appliqué à l’EN 2853";déduit
cuivre (type *);10;4,900;4,2;135;200;166480;288,5;129,0;1,620;familles WF, WJ, WW, WV, XM, HJ, coax (200 °C);"CEI 60949 (adiabatique, K = 226 A·s½/mm², β = 234,5 ; mycableengineering.com/the-adiabatic-equation), corrigé de la résistivité réelle du toron (0,017241 / (R20 × S)) ; section et R20 : en2853.csv ; facteur continu : AC 43.13-1B § 11-67 b-c, MIL-W-5088L § 6.7 (ΔT = tenue − ambiante) appliqué à l’EN 2853";déduit
cuivre (type *);10;4,900;4,2;135;150;40882;143,0;63,9;1,173;famille BN (150 °C) : presque aucune réserve au-dessus des 135 °C de service;"CEI 60949 (adiabatique, K = 226 A·s½/mm², β = 234,5 ; mycableengineering.com/the-adiabatic-equation), corrigé de la résistivité réelle du toron (0,017241 / (R20 × S)) ; section et R20 : en2853.csv ; facteur continu : AC 43.13-1B § 11-67 b-c, MIL-W-5088L § 6.7 (ΔT = tenue − ambiante) appliqué à l’EN 2853";déduit
cuivre (type *);8;8,980;2,3;135;260;1001872;707,8;316,5;2,031;famille DR, MLx, DW, GPB, DG, DH (260 °C);"CEI 60949 (adiabatique, K = 226 A·s½/mm², β = 234,5 ; mycableengineering.com/the-adiabatic-equation), corrigé de la résistivité réelle du toron (0,017241 / (R20 × S)) ; section et R20 : en2853.csv ; facteur continu : AC 43.13-1B § 11-67 b-c, MIL-W-5088L § 6.7 (ΔT = tenue − ambiante) appliqué à l’EN 2853";déduit
cuivre (type *);8;8,980;2,3;135;200;557140;527,8;236,0;1,620;familles WF, WJ, WW, WV, XM, HJ, coax (200 °C);"CEI 60949 (adiabatique, K = 226 A·s½/mm², β = 234,5 ; mycableengineering.com/the-adiabatic-equation), corrigé de la résistivité réelle du toron (0,017241 / (R20 × S)) ; section et R20 : en2853.csv ; facteur continu : AC 43.13-1B § 11-67 b-c, MIL-W-5088L § 6.7 (ΔT = tenue − ambiante) appliqué à l’EN 2853";déduit
cuivre (type *);8;8,980;2,3;135;150;136815;261,5;117,0;1,173;famille BN (150 °C) : presque aucune réserve au-dessus des 135 °C de service;"CEI 60949 (adiabatique, K = 226 A·s½/mm², β = 234,5 ; mycableengineering.com/the-adiabatic-equation), corrigé de la résistivité réelle du toron (0,017241 / (R20 × S)) ; section et R20 : en2853.csv ; facteur continu : AC 43.13-1B § 11-67 b-c, MIL-W-5088L § 6.7 (ΔT = tenue − ambiante) appliqué à l’EN 2853";déduit
cuivre (type *);6;13,360;1,6;135;260;2169766;1041,6;465,8;2,031;famille DR, MLx, DW, GPB, DG, DH (260 °C);"CEI 60949 (adiabatique, K = 226 A·s½/mm², β = 234,5 ; mycableengineering.com/the-adiabatic-equation), corrigé de la résistivité réelle du toron (0,017241 / (R20 × S)) ; section et R20 : en2853.csv ; facteur continu : AC 43.13-1B § 11-67 b-c, MIL-W-5088L § 6.7 (ΔT = tenue − ambiante) appliqué à l’EN 2853";déduit
cuivre (type *);6;13,360;1,6;135;200;1206604;776,7;347,4;1,620;familles WF, WJ, WW, WV, XM, HJ, coax (200 °C);"CEI 60949 (adiabatique, K = 226 A·s½/mm², β = 234,5 ; mycableengineering.com/the-adiabatic-equation), corrigé de la résistivité réelle du toron (0,017241 / (R20 × S)) ; section et R20 : en2853.csv ; facteur continu : AC 43.13-1B § 11-67 b-c, MIL-W-5088L § 6.7 (ΔT = tenue − ambiante) appliqué à l’EN 2853";déduit
cuivre (type *);6;13,360;1,6;135;150;296303;384,9;172,1;1,173;famille BN (150 °C) : presque aucune réserve au-dessus des 135 °C de service;"CEI 60949 (adiabatique, K = 226 A·s½/mm², β = 234,5 ; mycableengineering.com/the-adiabatic-equation), corrigé de la résistivité réelle du toron (0,017241 / (R20 × S)) ; section et R20 : en2853.csv ; facteur continu : AC 43.13-1B § 11-67 b-c, MIL-W-5088L § 6.7 (ΔT = tenue − ambiante) appliqué à l’EN 2853";déduit
cuivre (type *);4;21,800;0,97;135;260;5766978;1698,1;759,4;2,031;famille DR, MLx, DW, GPB, DG, DH (260 °C);"CEI 60949 (adiabatique, K = 226 A·s½/mm², β = 234,5 ; mycableengineering.com/the-adiabatic-equation), corrigé de la résistivité réelle du toron (0,017241 / (R20 × S)) ; section et R20 : en2853.csv ; facteur continu : AC 43.13-1B § 11-67 b-c, MIL-W-5088L § 6.7 (ΔT = tenue − ambiante) appliqué à l’EN 2853";déduit
cuivre (type *);4;21,800;0,97;135;200;3207010;1266,3;566,3;1,620;familles WF, WJ, WW, WV, XM, HJ, coax (200 °C);"CEI 60949 (adiabatique, K = 226 A·s½/mm², β = 234,5 ; mycableengineering.com/the-adiabatic-equation), corrigé de la résistivité réelle du toron (0,017241 / (R20 × S)) ; section et R20 : en2853.csv ; facteur continu : AC 43.13-1B § 11-67 b-c, MIL-W-5088L § 6.7 (ΔT = tenue − ambiante) appliqué à l’EN 2853";déduit
cuivre (type *);4;21,800;0,97;135;150;787538;627,5;280,6;1,173;famille BN (150 °C) : presque aucune réserve au-dessus des 135 °C de service;"CEI 60949 (adiabatique, K = 226 A·s½/mm², β = 234,5 ; mycableengineering.com/the-adiabatic-equation), corrigé de la résistivité réelle du toron (0,017241 / (R20 × S)) ; section et R20 : en2853.csv ; facteur continu : AC 43.13-1B § 11-67 b-c, MIL-W-5088L § 6.7 (ΔT = tenue − ambiante) appliqué à l’EN 2853";déduit
cuivre (type *);2;34,500;0,61;135;260;14512853;2693,8;1204,7;2,031;famille DR, MLx, DW, GPB, DG, DH (260 °C);"CEI 60949 (adiabatique, K = 226 A·s½/mm², β = 234,5 ; mycableengineering.com/the-adiabatic-equation), corrigé de la résistivité réelle du toron (0,017241 / (R20 × S)) ; section et R20 : en2853.csv ; facteur continu : AC 43.13-1B § 11-67 b-c, MIL-W-5088L § 6.7 (ΔT = tenue − ambiante) appliqué à l’EN 2853";déduit
cuivre (type *);2;34,500;0,61;135;200;8070580;2008,8;898,4;1,620;familles WF, WJ, WW, WV, XM, HJ, coax (200 °C);"CEI 60949 (adiabatique, K = 226 A·s½/mm², β = 234,5 ; mycableengineering.com/the-adiabatic-equation), corrigé de la résistivité réelle du toron (0,017241 / (R20 × S)) ; section et R20 : en2853.csv ; facteur continu : AC 43.13-1B § 11-67 b-c, MIL-W-5088L § 6.7 (ΔT = tenue − ambiante) appliqué à l’EN 2853";déduit
cuivre (type *);2;34,500;0,61;135;150;1981873;995,5;445,2;1,173;famille BN (150 °C) : presque aucune réserve au-dessus des 135 °C de service;"CEI 60949 (adiabatique, K = 226 A·s½/mm², β = 234,5 ; mycableengineering.com/the-adiabatic-equation), corrigé de la résistivité réelle du toron (0,017241 / (R20 × S)) ; section et R20 : en2853.csv ; facteur continu : AC 43.13-1B § 11-67 b-c, MIL-W-5088L § 6.7 (ΔT = tenue − ambiante) appliqué à l’EN 2853";déduit
cuivre (type *);0;53,000;0,40;135;260;34000038;4123,1;1843,9;2,031;famille DR, MLx, DW, GPB, DG, DH (260 °C);"CEI 60949 (adiabatique, K = 226 A·s½/mm², β = 234,5 ; mycableengineering.com/the-adiabatic-equation), corrigé de la résistivité réelle du toron (0,017241 / (R20 × S)) ; section et R20 : en2853.csv ; facteur continu : AC 43.13-1B § 11-67 b-c, MIL-W-5088L § 6.7 (ΔT = tenue − ambiante) appliqué à l’EN 2853";déduit
cuivre (type *);0;53,000;0,40;135;200;18907382;3074,7;1375,0;1,620;familles WF, WJ, WW, WV, XM, HJ, coax (200 °C);"CEI 60949 (adiabatique, K = 226 A·s½/mm², β = 234,5 ; mycableengineering.com/the-adiabatic-equation), corrigé de la résistivité réelle du toron (0,017241 / (R20 × S)) ; section et R20 : en2853.csv ; facteur continu : AC 43.13-1B § 11-67 b-c, MIL-W-5088L § 6.7 (ΔT = tenue − ambiante) appliqué à l’EN 2853";déduit
cuivre (type *);0;53,000;0,40;135;150;4643040;1523,7;681,4;1,173;famille BN (150 °C) : presque aucune réserve au-dessus des 135 °C de service;"CEI 60949 (adiabatique, K = 226 A·s½/mm², β = 234,5 ; mycableengineering.com/the-adiabatic-equation), corrigé de la résistivité réelle du toron (0,017241 / (R20 × S)) ; section et R20 : en2853.csv ; facteur continu : AC 43.13-1B § 11-67 b-c, MIL-W-5088L § 6.7 (ΔT = tenue − ambiante) appliqué à l’EN 2853";déduit
