prEN 3646-002:2005 — connecteurs circulaires à contacts lettrés : les arrangements des inserts (figures 1 à 31), désignés <taille de boîtier>-<nombre de contacts>.
Les contacts sont des LETTRES (A, B… sans I, O ; puis a, b… ; puis AA, BB…), dans l'ordre de la norme : une borne numérotée du contrat (1, 2, 3…) prend la lettre de même rang. La place des lettres est relevée en cercles, dans le sens horaire des figures — approchée pour les grands inserts. Désignation provisoire : EN3646-002-<arrangement>. Les contacts à sertir sont dans normes/contacts.csv (tables SEE).

Tailles — la plage de jauges d'une taille de contact, quand la table Contacts (normes/contacts.csv, tables SEE) ne connaît pas la taille ; c'est elle qui juge d'abord
Famille;Taille;Jauge min;Jauge max;Note
EN3646;20;24;20;contact taille 20
EN3646;16;20;16;contact taille 16
EN3646;12;14;12;contact taille 12

Modules — une ligne par arrangement : la face (centre@x:y puis lettre@x:y), les contacts dans l'ordre des lettres (#16 ou #12 derrière une lettre d'une autre taille), le corps (circulaire), l'emploi (connecteur)
Famille;Variante;Désignation;Type;Taille;Disposition;Groupes;Masse;Hauteur;Diodes;Usage;Corps;Emploi;Note
EN3646;08-3A;EN3646-002-08-3A;20;20;centre@1.54:1.54 A@1.99:1.09 B@1.69:2.14 C@0.94:1.19;A | B | C;;;;normal;circulaire;connecteur;figure 1 : 3 contacts taille 20 (aussi 08-98)
EN3646;08-33;EN3646-002-08-33;20;20;centre@1.50:1.50 A@1.50:0.90 B@2.05:1.85 C@0.95:1.85;A | B | C;;;;normal;circulaire;connecteur;figure 2 : 3 contacts taille 20
EN3646;10-02;EN3646-002-10-02;20;20;centre@1.45:1.45 A@2.05:1.45 B@0.85:1.45;A | B;;;;normal;circulaire;connecteur;figure 3 : 2 contacts taille 20
EN3646;10-06;EN3646-002-10-06;20;20;centre@1.85:1.85 A@2.11:0.88 B@2.82:1.59 C@2.56:2.56 D@1.59:2.82 E@0.88:2.11 F@1.14:1.14;A | B | C | D | E | F;;;;normal;circulaire;connecteur;figure 4 : 6 contacts taille 20
EN3646;12-03;EN3646-002-12-03;16;16;centre@1.60:1.60 A@2.15:1.15 B@1.65:2.25 C@1.00:1.15;A | B | C;;;;normal;circulaire;connecteur;figure 5 : 3 contacts taille 16
EN3646;12-08;EN3646-002-12-08;20;20;centre@1.96:1.96 H@1.96:1.96 A@2.35:0.92 B@3.02:1.61 C@2.90:2.57 D@2.08:3.07 E@1.17:2.74 F@0.86:1.83 G@1.38:1.01;A | B | C | D | E | F | G | H;;;;normal;circulaire;connecteur;figure 6 : 8 contacts taille 20
EN3646;12-10;EN3646-002-12-10;20;20;centre@2.30:2.30 H@1.35:1.20 A@2.30:1.20 B@3.25:1.20 G@0.90:2.30 K@1.83:2.30 J@2.77:2.30 C@3.70:2.30 F@1.35:3.40 E@2.30:3.40 D@3.25:3.40;A | B | C | D | E | F | G | H | J | K;;;;normal;circulaire;connecteur;figure 7 : 10 contacts taille 20
EN3646;14-04;EN3646-002-14-04;12;12;centre@1.85:1.85 A@1.85:0.85 B@2.85:1.85 C@1.85:2.85 D@0.85:1.85;A | B | C | D;;;;normal;circulaire;connecteur;figure 8 : 4 contacts taille 12
EN3646;14-05;EN3646-002-14-05;16;16;centre@2.05:2.05 A@2.05:0.85 B@3.19:1.68 C@2.76:3.02 D@1.34:3.02 E@0.91:1.68;A | B | C | D | E;;;;normal;circulaire;connecteur;figure 9 : 5 contacts taille 16
EN3646;14-12;EN3646-002-14-12;mixte;20;centre@3.05:3.05 J@3.05:1.85 K@4.25:3.05 L@3.05:4.25 M@1.85:3.05 A@3.87:1.01 B@5.08:2.19 C@5.09:3.87 D@3.91:5.08 E@2.23:5.09 F@1.02:3.91 G@1.01:2.23 H@2.19:1.02;A | B | C | D | E | F | G | H | J#16 | K#16 | L#16 | M#16;;;;normal;circulaire;connecteur;figure 10 : 4 contacts taille 16 et 8 contacts taille 20
EN3646;14-15;EN3646-002-14-15;mixte;20;centre@2.85:2.85 P@2.85:2.85 M@2.68:1.87 N@3.79:3.19 R@2.08:3.49 A@3.37:0.92 B@4.33:1.50 C@4.82:2.52 D@4.69:3.64 E@3.97:4.51 F@2.90:4.85 G@1.81:4.56 H@1.05:3.72 J@0.86:2.61 K@1.31:1.58 L@2.24:0.94;A | B | C | D | E | F | G | H | J | K | L | M | N | P#16 | R;;;;normal;circulaire;connecteur;figure 11 : 1 contact taille 16 et 14 contacts taille 20
EN3646;14-19;EN3646-002-14-19;20;20;centre@2.85:2.85 V@2.85:2.85 N@2.85:1.85 P@3.72:2.35 R@3.72:3.35 S@2.85:3.85 T@1.98:3.35 U@1.98:2.35 A@3.37:0.92 B@4.26:1.44 C@4.78:2.33 D@4.78:3.37 E@4.26:4.26 F@3.37:4.78 G@2.33:4.78 H@1.44:4.26 J@0.92:3.37 K@0.92:2.33 L@1.44:1.44 M@2.33:0.92;A | B | C | D | E | F | G | H | J | K | L | M | N | P | R | S | T | U | V;;;;normal;circulaire;connecteur;figure 12 : 19 contacts taille 20
EN3646;16-08;EN3646-002-16-08;16;16;centre@2.19:2.19 H@2.19:2.19 A@2.19:0.85 B@3.23:1.35 C@3.49:2.48 D@2.77:3.39 E@1.61:3.39 F@0.88:2.48 G@1.14:1.35;A | B | C | D | E | F | G | H;;;;normal;circulaire;connecteur;figure 13 : 8 contacts taille 16
EN3646;16-21;EN3646-002-16-21;mixte;20;centre@3.24:3.24 Y@3.24:3.24 X@2.64:2.20 S@4.04:2.35 T@4.33:3.73 U@3.11:4.43 V@2.06:3.49 A@3.86:0.93 B@4.74:1.38 C@5.36:2.15 D@5.62:3.11 E@5.47:4.09 F@4.93:4.93 G@4.09:5.47 H@3.11:5.62 J@2.15:5.36 K@1.38:4.74 L@0.93:3.86 M@0.88:2.86 N@1.24:1.94 P@1.94:1.24 R@2.86:0.88;A | B | C | D | E | F | G | H | J | K | L | M | N | P | R | S#16 | T#16 | U#16 | V#16 | X#16 | Y;;;;normal;circulaire;connecteur;figure 14 : 5 contacts taille 16 et 16 contacts taille 20
EN3646;16-23;EN3646-002-16-23;mixte;20;centre@3.12:3.12 Z@3.12:3.12 R@3.12:1.85 S@4.02:2.22 T@4.40:3.12 U@4.02:4.02 V@3.12:4.40 W@2.22:4.02 X@1.85:3.12 Y@2.22:2.22 A@3.71:0.93 B@4.61:1.40 C@5.21:2.21 D@5.39:3.21 E@5.13:4.19 F@4.47:4.95 G@3.55:5.36 H@2.53:5.32 J@1.64:4.85 K@1.04:4.03 L@0.85:3.04 M@1.11:2.06 N@1.77:1.29 P@2.70:0.89;A | B | C | D | E | F | G | H | J | K | L | M | N | P | R | S | T | U | V | W | X | Y | Z#16;;;;normal;circulaire;connecteur;figure 15 : 1 contact taille 16 et 22 contacts taille 20
EN3646;16-26;EN3646-002-16-26;20;20;centre@3.85:3.85 a@3.85:2.85 b@4.72:4.35 c@2.98:4.35 S@3.85:1.85 T@5.26:2.44 U@5.85:3.85 V@5.26:5.26 W@3.85:5.85 X@2.44:5.26 Y@1.85:3.85 Z@2.44:2.44 A@4.63:0.95 B@5.74:1.52 C@6.52:2.49 D@6.85:3.69 E@6.65:4.93 F@5.97:5.97 G@4.93:6.65 H@3.69:6.85 J@2.49:6.52 K@1.52:5.74 L@0.95:4.63 M@0.89:3.38 N@1.33:2.22 P@2.22:1.33 R@3.38:0.89;A | B | C | D | E | F | G | H | J | K | L | M | N | P | R | S | T | U | V | W | X | Y | Z | a | b | c;;;;normal;circulaire;connecteur;figure 16 : 26 contacts taille 20
EN3646;18-08;EN3646-002-18-08;12;12;centre@2.19:2.19 H@2.19:2.19 A@2.19:0.85 B@3.23:1.35 C@3.49:2.48 D@2.77:3.39 E@1.61:3.39 F@0.88:2.48 G@1.14:1.35;A | B | C | D | E | F | G | H;;;;normal;circulaire;connecteur;figure 17 : 8 contacts taille 12
EN3646;18-11;EN3646-002-18-11;16;16;centre@2.95:2.95 K@2.95:2.40 L@2.95:3.50 A@3.49:0.92 B@4.67:1.75 C@5.04:3.13 D@4.43:4.43 E@3.13:5.04 F@1.75:4.67 G@0.92:3.49 H@1.05:2.06 J@2.06:1.05;A | B | C | D | E | F | G | H | J | K | L;;;;normal;circulaire;connecteur;figure 18 : 11 contacts taille 16
EN3646;18-32;EN3646-002-18-32;20;20;centre@3.85:3.85 f@3.85:2.85 g@4.85:3.85 h@3.85:4.85 j@2.85:3.85 U@3.85:1.85 V@4.93:2.17 W@5.67:3.02 X@5.83:4.13 Y@5.36:5.16 Z@4.41:5.77 a@3.29:5.77 b@2.34:5.16 c@1.87:4.13 d@2.03:3.02 e@2.77:2.17 A@4.37:0.90 B@5.40:1.28 C@6.23:2.02 D@6.73:3.00 E@6.84:4.10 F@6.55:5.16 G@5.89:6.05 H@4.96:6.64 J@3.88:6.85 K@2.80:6.66 L@1.85:6.09 M@1.18:5.21 N@0.87:4.16 P@0.96:3.06 R@1.44:2.07 S@2.24:1.32 T@3.27:0.91;A | B | C | D | E | F | G | H | J | K | L | M | N | P | R | S | T | U | V | W | X | Y | Z | a | b | c | d | e | f | g | h | j;;;;normal;circulaire;connecteur;figure 19 : 32 contacts taille 20
EN3646;20-16;EN3646-002-20-16;16;16;centre@3.25:3.25 M@3.25:2.05 N@4.39:2.88 P@3.96:4.22 R@2.54:4.22 S@2.11:2.88 A@3.87:0.93 B@5.03:1.64 C@5.62:2.85 D@5.46:4.19 E@4.60:5.24 F@3.31:5.65 G@2.00:5.30 H@1.09:4.30 J@0.87:2.97 K@1.40:1.72 L@2.52:0.96;A | B | C | D | E | F | G | H | J | K | L | M | N | P | R | S;;;;normal;circulaire;connecteur;figure 20 : 16 contacts taille 16
EN3646;20-34;EN3646-002-20-34;mixte;20;centre@4.05:4.05 X@4.05:3.05 g@4.92:3.55 h@4.92:4.55 i@4.05:5.05 j@3.18:4.55 k@3.18:3.55 Y@4.80:1.98 Z@6.04:3.12 a@6.12:4.80 b@4.98:6.04 c@3.30:6.12 d@2.06:4.98 e@1.98:3.30 f@3.12:2.06 A@4.61:0.90 B@5.55:1.22 C@6.35:1.83 D@6.93:2.65 E@7.22:3.60 F@7.20:4.61 G@6.88:5.55 H@6.27:6.35 J@5.45:6.93 K@4.50:7.22 L@3.49:7.20 M@2.55:6.88 N@1.75:6.27 P@1.17:5.45 R@0.88:4.50 S@0.90:3.49 T@1.22:2.55 U@1.83:1.75 V@2.65:1.17 W@3.60:0.88;A | B | C | D | E | F | G | H | J | K | L | M | N | P | R | S | T | U | V | W | X | Y#16 | Z#16 | a#16 | b#16 | c#16 | d#16 | e#16 | f#16 | g | h | i | j | k;;;;normal;circulaire;connecteur;figure 21 : 8 contacts taille 16 et 26 contacts taille 20
EN3646;20-39;EN3646-002-20-39;mixte;20;centre@4.05:4.05 k@4.05:2.85 m@5.09:3.45 n@5.09:4.65 p@4.05:5.25 q@3.01:4.65 r@3.01:3.45 X@4.43:1.88 Y@5.40:2.31 Z@6.05:3.13 a@6.25:4.17 b@5.94:5.18 c@5.20:5.93 d@4.20:6.25 e@3.16:6.06 f@2.33:5.42 g@1.89:4.46 h@1.95:3.41 i@2.48:2.50 j@3.38:1.95 A@4.61:0.90 B@5.55:1.22 C@6.35:1.83 D@6.93:2.65 E@7.22:3.60 F@7.20:4.61 G@6.88:5.55 H@6.27:6.35 J@5.45:6.93 K@4.50:7.22 L@3.49:7.20 M@2.55:6.88 N@1.75:6.27 P@1.17:5.45 R@0.88:4.50 S@0.90:3.49 T@1.22:2.55 U@1.83:1.75 V@2.65:1.17 W@3.60:0.88;A | B | C | D | E | F | G | H | J | K | L | M | N | P | R | S | T | U | V | W | X | Y | Z | a | b | c | d | e | f | g | h | i | j | k | m#16 | n | p | q | r#16;;;;normal;circulaire;connecteur;figure 22 : 2 contacts taille 16 et 37 contacts taille 20
EN3646;20-41;EN3646-002-20-41;20;20;centre@4.03:4.03 t@4.03:4.03 k@4.03:2.92 m@4.90:3.34 n@5.12:4.28 p@4.52:5.04 q@3.55:5.04 r@2.95:4.28 s@3.16:3.34 X@4.40:1.95 Y@5.33:2.36 Z@5.96:3.15 a@6.14:4.15 b@5.85:5.11 c@5.14:5.83 d@4.17:6.14 e@3.18:5.97 f@2.38:5.35 g@1.96:4.43 h@2.01:3.42 i@2.53:2.55 j@3.39:2.02 A@4.59:0.90 B@5.53:1.22 C@6.32:1.82 D@6.89:2.64 E@7.19:3.59 F@7.17:4.59 G@6.84:5.53 H@6.24:6.32 J@5.43:6.89 K@4.48:7.19 L@3.48:7.17 M@2.54:6.84 N@1.74:6.24 P@1.17:5.43 R@0.88:4.48 S@0.90:3.48 T@1.22:2.54 U@1.82:1.74 V@2.64:1.17 W@3.59:0.88;A | B | C | D | E | F | G | H | J | K | L | M | N | P | R | S | T | U | V | W | X | Y | Z | a | b | c | d | e | f | g | h | i | j | k | m | n | p | q | r | s | t;;;;normal;circulaire;connecteur;figure 23 : 41 contacts taille 20
EN3646;22-12;EN3646-002-22-12;12;12;centre@3.25:3.25 K@4.45:3.25 L@2.65:4.29 M@2.65:2.21 A@3.87:0.93 B@5.22:1.87 C@5.64:3.46 D@4.95:4.95 E@3.46:5.64 F@1.87:5.22 G@0.93:3.87 H@1.07:2.24 J@2.24:1.07;A | B | C | D | E | F | G | H | J | K | L | M;;;;normal;circulaire;connecteur;figure 24 : 12 contacts taille 12
EN3646;22-21;EN3646-002-22-21;16;16;centre@3.39:3.39 X@3.39:3.39 P@3.39:2.05 R@4.43:2.55 S@4.69:3.68 T@3.97:4.59 U@2.81:4.59 V@2.08:3.68 W@2.34:2.55 A@4.04:0.94 B@5.11:1.52 C@5.78:2.54 D@5.90:3.74 E@5.45:4.87 F@4.52:5.66 G@3.34:5.92 H@2.16:5.61 J@1.27:4.79 K@0.86:3.64 L@1.03:2.44 M@1.74:1.45 N@2.83:0.91;A | B | C | D | E | F | G | H | J | K | L | M | N | P | R | S | T | U | V | W | X;;;;normal;circulaire;connecteur;figure 25 : 21 contacts taille 16
EN3646;22-36;EN3646-002-22-36;20;20;centre@3.85:3.85 n@3.85:3.85 g@3.85:2.85 h@4.72:3.35 i@4.72:4.35 j@3.85:4.85 k@2.98:4.35 m@2.98:3.35 U@4.20:1.88 V@5.14:2.32 W@5.73:3.17 X@5.82:4.20 Y@5.38:5.14 Z@4.53:5.73 a@3.50:5.82 b@2.56:5.38 c@1.97:4.53 d@1.88:3.50 e@2.32:2.56 f@3.17:1.97 A@4.63:0.95 B@5.62:1.43 C@6.38:2.23 D@6.79:3.25 E@6.81:4.36 F@6.42:5.39 G@5.69:6.22 H@4.72:6.72 J@3.62:6.84 K@2.55:6.56 L@1.66:5.90 M@1.07:4.98 N@0.85:3.90 P@1.04:2.81 R@1.60:1.86 S@2.47:1.19 T@3.53:0.87;A | B | C | D | E | F | G | H | J | K | L | M | N | P | R | S | T | U | V | W | X | Y | Z | a | b | c | d | e | f | g | h | i | j | k | m | n;;;;normal;circulaire;connecteur;figure 26 : 36 contacts taille 20
EN3646;22-41;EN3646-002-22-41;mixte;20;centre@4.52:4.52 p@4.52:3.52 q@5.47:4.21 r@5.11:5.33 s@3.94:5.33 t@3.57:4.21 Z@4.99:1.89 a@6.08:2.35 b@6.87:3.25 c@7.19:4.39 d@6.99:5.56 e@6.29:6.53 f@5.25:7.10 g@4.06:7.16 h@2.96:6.69 i@2.18:5.80 j@1.85:4.66 k@2.06:3.49 m@2.75:2.52 n@3.80:1.95 A@5.16:0.91 B@6.16:1.23 C@7.02:1.83 D@7.68:2.64 E@8.08:3.60 F@8.20:4.64 G@8.01:5.67 H@7.55:6.61 J@6.84:7.38 K@5.94:7.91 L@4.93:8.17 M@3.89:8.14 N@2.89:7.82 P@2.03:7.22 R@1.37:6.41 S@0.97:5.45 T@0.85:4.41 U@1.03:3.38 V@1.50:2.44 W@2.21:1.67 X@3.10:1.14 Y@4.12:0.87;A | B | C | D | E | F | G | H | J | K | L | M | N | P | R | S | T | U | V | W | X | Y | Z#16 | a#16 | b#16 | c#16 | d#16 | e#16 | f#16 | g#16 | h#16 | i#16 | j#16 | k#16 | m#16 | n#16 | p | q | r | s | t;;;;normal;circulaire;connecteur;figure 27 : 14 contacts taille 16 et 27 contacts taille 20 (lettres intérieures approchées)
EN3646;22-55;EN3646-002-22-55;20;20;centre@4.96:4.96 HH@4.96:4.96 AA@4.96:3.85 BB@5.84:4.27 CC@6.05:5.21 DD@5.45:5.97 EE@4.48:5.97 FF@3.88:5.21 GG@4.09:4.27 p@4.96:2.85 q@6.11:3.19 r@6.89:4.09 s@7.06:5.26 t@6.56:6.35 u@5.56:6.99 v@4.37:6.99 w@3.37:6.35 x@2.87:5.26 y@3.04:4.09 z@3.82:3.19 V@5.50:1.90 W@6.52:2.27 X@7.35:2.96 Y@7.89:3.90 Z@8.08:4.96 a@7.89:6.03 b@7.35:6.97 c@6.52:7.66 d@5.50:8.03 e@4.42:8.03 f@3.41:7.66 g@2.58:6.97 h@2.04:6.03 i@1.85:4.96 j@2.04:3.90 k@2.58:2.96 m@3.41:2.27 n@4.42:1.90 A@5.68:0.91 B@7.02:1.40 C@8.12:2.32 D@8.83:3.56 E@9.08:4.96 F@8.83:6.37 G@8.12:7.61 H@7.02:8.53 J@5.68:9.02 K@4.25:9.02 L@2.91:8.53 M@1.81:7.61 N@1.10:6.37 P@0.85:4.96 R@1.10:3.56 S@1.81:2.32 T@2.91:1.40 U@4.25:0.91;A | B | C | D | E | F | G | H | J | K | L | M | N | P | R | S | T | U | V | W | X | Y | Z | a | b | c | d | e | f | g | h | i | j | k | m | n | p | q | r | s | t | u | v | w | x | y | z | AA | BB | CC | DD | EE | FF | GG | HH;;;;normal;circulaire;connecteur;figure 28 : 55 contacts taille 20 (titre imprimé « 22-5 »)
EN3646;24-19;EN3646-002-24-19;12;12;centre@3.25:3.25 V@3.25:3.25 N@3.25:2.05 P@4.29:2.65 R@4.29:3.85 S@3.25:4.45 T@2.21:3.85 U@2.21:2.65 A@3.87:0.93 B@4.95:1.55 C@5.57:2.63 D@5.57:3.87 E@4.95:4.95 F@3.87:5.57 G@2.63:5.57 H@1.55:4.95 J@0.93:3.87 K@0.93:2.63 L@1.55:1.55 M@2.63:0.93;A | B | C | D | E | F | G | H | J | K | L | M | N | P | R | S | T | U | V;;;;normal;circulaire;connecteur;figure 29 : 19 contacts taille 12
EN3646;24-31;EN3646-002-24-31;16;16;centre@4.45:4.45 g@4.45:4.45 a@4.45:3.25 b@5.49:3.85 c@5.49:5.05 d@4.45:5.65 e@3.41:5.05 f@3.41:3.85 N@4.87:2.09 P@5.99:2.61 Q@6.71:3.63 R@6.81:4.87 S@6.29:5.99 T@5.27:6.71 U@4.03:6.81 V@2.91:6.29 W@2.19:5.27 X@2.09:4.03 Y@2.61:2.91 Z@3.63:2.19 A@5.38:0.97 B@7.00:1.90 C@7.93:3.52 D@7.93:5.38 E@7.00:7.00 F@5.38:7.93 G@3.52:7.93 H@1.90:7.00 J@0.97:5.38 K@0.97:3.52 L@1.90:1.90 M@3.52:0.97;A | B | C | D | E | F | G | H | J | K | L | M | N | P | Q | R | S | T | U | V | W | X | Y | Z | a | b | c | d | e | f | g;;;;normal;circulaire;connecteur;figure 30 : 31 contacts taille 16
EN3646;24-61;EN3646-002-24-61;20;20;centre@5.67:5.67 PP@5.67:5.67 AA@5.67:3.60 BB@6.63:3.84 CC@7.37:4.49 DD@7.72:5.42 EE@7.60:6.40 FF@7.04:7.22 GG@6.16:7.68 HH@5.17:7.68 JJ@4.30:7.22 KK@3.74:6.40 LL@3.62:5.42 MM@3.97:4.49 NN@4.71:3.84 a@6.33:1.91 b@7.28:2.21 c@8.12:2.74 d@8.80:3.48 e@9.26:4.36 f@9.47:5.34 g@9.43:6.33 h@9.13:7.28 i@8.60:8.12 j@7.86:8.80 k@6.98:9.26 m@6.00:9.47 n@5.01:9.43 p@4.06:9.13 q@3.21:8.60 r@2.54:7.86 s@2.08:6.98 t@1.86:6.00 u@1.91:5.01 v@2.21:4.06 w@2.74:3.21 x@3.48:2.54 y@4.36:2.08 z@5.34:1.86 A@6.51:0.92 B@7.76:1.33 C@8.85:2.05 D@9.71:3.04 E@10.27:4.23 F@10.49:5.52 G@10.35:6.83 H@9.86:8.05 J@9.06:9.09 K@8.02:9.88 L@6.79:10.36 M@5.49:10.49 N@4.19:10.26 P@3.01:9.69 R@2.03:8.82 S@1.31:7.72 T@0.92:6.47 U@0.88:5.16 V@1.19:3.88 W@1.84:2.74 X@2.77:1.82 Y@3.92:1.18 Z@5.20:0.87;A | B | C | D | E | F | G | H | J | K | L | M | N | P | R | S | T | U | V | W | X | Y | Z | a | b | c | d | e | f | g | h | i | j | k | m | n | p | q | r | s | t | u | v | w | x | y | z | AA | BB | CC | DD | EE | FF | GG | HH | JJ | KK | LL | MM | NN | PP;;;;normal;circulaire;connecteur;figure 31 : 61 contacts taille 20
